--------------------------------------------------------
--  File created - Thursday-September-28-2023   
--------------------------------------------------------
DROP TABLE "MESI"."AWARDS";
DROP TABLE "MESI"."BENEFIT";
DROP TABLE "MESI"."DEPARTMENT";
DROP TABLE "MESI"."DEPT";
DROP TABLE "MESI"."EMP_LIST";
DROP TABLE "MESI"."EMP_RAN";
DROP TABLE "MESI"."EMPDEP";
DROP TABLE "MESI"."EMPDEP1";
DROP TABLE "MESI"."EMPLOYEE";
DROP TABLE "MESI"."HORIZONTAL";
DROP TABLE "MESI"."JOBS";
DROP TABLE "MESI"."PERFORMANCE";
DROP TABLE "MESI"."PROJECTS";
DROP TABLE "MESI"."SALARY";
DROP TABLE "MESI"."SALARY1";
DROP TABLE "MESI"."SALARY2";
DROP TABLE "MESI"."TRAINING";
DROP TABLE "MESI"."VERTICAL";
DROP TABLE "MESI"."EMPLOYEE";
DROP TABLE "MESI"."DEPARTMENT";
DROP TABLE "MESI"."JOBS";
DROP TABLE "MESI"."AWARDS";
DROP TABLE "MESI"."BENEFIT";
DROP TABLE "MESI"."PERFORMANCE";
DROP TABLE "MESI"."PROJECTS";
DROP TABLE "MESI"."SALARY";
DROP TABLE "MESI"."TRAINING";
--------------------------------------------------------
--  DDL for Table AWARDS
--------------------------------------------------------

  CREATE TABLE "MESI"."AWARDS" 
   (	"AWARD_ID" NUMBER(10,0), 
	"HONORS" VARCHAR2(50 BYTE), 
	"RECOGNITIONS" VARCHAR2(50 BYTE), 
	"EMP_ID" NUMBER(10,0)
   ) SEGMENT CREATION DEFERRED 
  PCTFREE 10 PCTUSED 40 INITRANS 1 MAXTRANS 255 
 NOCOMPRESS LOGGING
  TABLESPACE "USERS" ;
--------------------------------------------------------
--  DDL for Table BENEFIT
--------------------------------------------------------

  CREATE TABLE "MESI"."BENEFIT" 
   (	"BENEFIT_ID" NUMBER(10,0), 
	"BENEFIT_TYPE" VARCHAR2(50 BYTE), 
	"EMP_ID" NUMBER(10,0)
   ) SEGMENT CREATION DEFERRED 
  PCTFREE 10 PCTUSED 40 INITRANS 1 MAXTRANS 255 
 NOCOMPRESS LOGGING
  TABLESPACE "USERS" ;
--------------------------------------------------------
--  DDL for Table DEPARTMENT
--------------------------------------------------------

  CREATE TABLE "MESI"."DEPARTMENT" 
   (	"DEPT_ID" NUMBER(20,0), 
	"DEPT_NAME" VARCHAR2(50 BYTE), 
	"MANAGER_ID" NUMBER(20,0), 
	"LOCATION_ID" NUMBER(20,0)
   ) SEGMENT CREATION IMMEDIATE 
  PCTFREE 10 PCTUSED 40 INITRANS 1 MAXTRANS 255 
 NOCOMPRESS LOGGING
  STORAGE(INITIAL 65536 NEXT 1048576 MINEXTENTS 1 MAXEXTENTS 2147483645
  PCTINCREASE 0 FREELISTS 1 FREELIST GROUPS 1
  BUFFER_POOL DEFAULT FLASH_CACHE DEFAULT CELL_FLASH_CACHE DEFAULT)
  TABLESPACE "USERS" ;
--------------------------------------------------------
--  DDL for Table DEPT
--------------------------------------------------------

  CREATE TABLE "MESI"."DEPT" 
   (	"EMP_ID" NUMBER(10,0), 
	"EMP_NAME" VARCHAR2(50 BYTE), 
	"ADDRESS" VARCHAR2(50 BYTE), 
	"PHONE_NO" VARCHAR2(20 BYTE), 
	"SALARY" VARCHAR2(20 BYTE), 
	"DEPT_ID" NUMBER(10,0), 
	"JOB_ID" NUMBER(10,0)
   ) SEGMENT CREATION IMMEDIATE 
  PCTFREE 10 PCTUSED 40 INITRANS 1 MAXTRANS 255 
 NOCOMPRESS LOGGING
  STORAGE(INITIAL 65536 NEXT 1048576 MINEXTENTS 1 MAXEXTENTS 2147483645
  PCTINCREASE 0 FREELISTS 1 FREELIST GROUPS 1
  BUFFER_POOL DEFAULT FLASH_CACHE DEFAULT CELL_FLASH_CACHE DEFAULT)
  TABLESPACE "USERS" ;
--------------------------------------------------------
--  DDL for Table EMP_LIST
--------------------------------------------------------

  CREATE TABLE "MESI"."EMP_LIST" 
   (	"EMP_ID" NUMBER(10,0), 
	"EMP_NAME" VARCHAR2(50 BYTE), 
	"ADDRESS" VARCHAR2(50 BYTE), 
	"PHONE_NO" VARCHAR2(20 BYTE), 
	"SALARY" VARCHAR2(20 BYTE), 
	"DEPT_ID" NUMBER(10,0), 
	"JOB_ID" NUMBER(10,0)
   ) PCTFREE 10 PCTUSED 40 INITRANS 1 MAXTRANS 255 
  STORAGE(
  BUFFER_POOL DEFAULT FLASH_CACHE DEFAULT CELL_FLASH_CACHE DEFAULT)
  TABLESPACE "USERS" 
  PARTITION BY LIST ("DEPT_ID") 
 (PARTITION "P1"  VALUES ('99') SEGMENT CREATION IMMEDIATE 
  PCTFREE 10 PCTUSED 40 INITRANS 1 MAXTRANS 255 
 NOCOMPRESS LOGGING 
  STORAGE(INITIAL 8388608 NEXT 1048576 MINEXTENTS 1 MAXEXTENTS 2147483645
  PCTINCREASE 0 FREELISTS 1 FREELIST GROUPS 1
  BUFFER_POOL DEFAULT FLASH_CACHE DEFAULT CELL_FLASH_CACHE DEFAULT)
  TABLESPACE "USERS" , 
 PARTITION "P2"  VALUES ('70') SEGMENT CREATION IMMEDIATE 
  PCTFREE 10 PCTUSED 40 INITRANS 1 MAXTRANS 255 
 NOCOMPRESS LOGGING 
  STORAGE(INITIAL 8388608 NEXT 1048576 MINEXTENTS 1 MAXEXTENTS 2147483645
  PCTINCREASE 0 FREELISTS 1 FREELIST GROUPS 1
  BUFFER_POOL DEFAULT FLASH_CACHE DEFAULT CELL_FLASH_CACHE DEFAULT)
  TABLESPACE "USERS" , 
 PARTITION "P3"  VALUES ('55') SEGMENT CREATION IMMEDIATE 
  PCTFREE 10 PCTUSED 40 INITRANS 1 MAXTRANS 255 
 NOCOMPRESS LOGGING 
  STORAGE(INITIAL 8388608 NEXT 1048576 MINEXTENTS 1 MAXEXTENTS 2147483645
  PCTINCREASE 0 FREELISTS 1 FREELIST GROUPS 1
  BUFFER_POOL DEFAULT FLASH_CACHE DEFAULT CELL_FLASH_CACHE DEFAULT)
  TABLESPACE "USERS" , 
 PARTITION "P4"  VALUES ('45') SEGMENT CREATION IMMEDIATE 
  PCTFREE 10 PCTUSED 40 INITRANS 1 MAXTRANS 255 
 NOCOMPRESS LOGGING 
  STORAGE(INITIAL 8388608 NEXT 1048576 MINEXTENTS 1 MAXEXTENTS 2147483645
  PCTINCREASE 0 FREELISTS 1 FREELIST GROUPS 1
  BUFFER_POOL DEFAULT FLASH_CACHE DEFAULT CELL_FLASH_CACHE DEFAULT)
  TABLESPACE "USERS" , 
 PARTITION "P5"  VALUES ('25') SEGMENT CREATION IMMEDIATE 
  PCTFREE 10 PCTUSED 40 INITRANS 1 MAXTRANS 255 
 NOCOMPRESS LOGGING 
  STORAGE(INITIAL 8388608 NEXT 1048576 MINEXTENTS 1 MAXEXTENTS 2147483645
  PCTINCREASE 0 FREELISTS 1 FREELIST GROUPS 1
  BUFFER_POOL DEFAULT FLASH_CACHE DEFAULT CELL_FLASH_CACHE DEFAULT)
  TABLESPACE "USERS" )  ENABLE ROW MOVEMENT ;
--------------------------------------------------------
--  DDL for Table EMP_RAN
--------------------------------------------------------

  CREATE TABLE "MESI"."EMP_RAN" 
   (	"EMP_ID" NUMBER(10,0), 
	"EMP_NAME" VARCHAR2(50 BYTE), 
	"ADDRESS" VARCHAR2(50 BYTE), 
	"PHONE_NO" VARCHAR2(20 BYTE), 
	"SALARY" NUMBER(7,2), 
	"DEPT_ID" NUMBER(10,0), 
	"JOB_ID" NUMBER(10,0)
   ) PCTFREE 10 PCTUSED 40 INITRANS 1 MAXTRANS 255 
  STORAGE(
  BUFFER_POOL DEFAULT FLASH_CACHE DEFAULT CELL_FLASH_CACHE DEFAULT)
  TABLESPACE "USERS" 
  PARTITION BY RANGE ("SALARY") INTERVAL (2500) 
 (PARTITION "P1"  VALUES LESS THAN (2500) SEGMENT CREATION DEFERRED 
  PCTFREE 10 PCTUSED 40 INITRANS 1 MAXTRANS 255 
 NOCOMPRESS LOGGING 
  STORAGE(
  BUFFER_POOL DEFAULT FLASH_CACHE DEFAULT CELL_FLASH_CACHE DEFAULT)
  TABLESPACE "USERS" , 
 PARTITION "P2"  VALUES LESS THAN (5000) SEGMENT CREATION IMMEDIATE 
  PCTFREE 10 PCTUSED 40 INITRANS 1 MAXTRANS 255 
 NOCOMPRESS LOGGING 
  STORAGE(INITIAL 8388608 NEXT 1048576 MINEXTENTS 1 MAXEXTENTS 2147483645
  PCTINCREASE 0 FREELISTS 1 FREELIST GROUPS 1
  BUFFER_POOL DEFAULT FLASH_CACHE DEFAULT CELL_FLASH_CACHE DEFAULT)
  TABLESPACE "USERS" , 
 PARTITION "P3"  VALUES LESS THAN (10000) SEGMENT CREATION IMMEDIATE 
  PCTFREE 10 PCTUSED 40 INITRANS 1 MAXTRANS 255 
 NOCOMPRESS LOGGING 
  STORAGE(INITIAL 8388608 NEXT 1048576 MINEXTENTS 1 MAXEXTENTS 2147483645
  PCTINCREASE 0 FREELISTS 1 FREELIST GROUPS 1
  BUFFER_POOL DEFAULT FLASH_CACHE DEFAULT CELL_FLASH_CACHE DEFAULT)
  TABLESPACE "USERS" , 
 PARTITION "P4"  VALUES LESS THAN (25000) SEGMENT CREATION IMMEDIATE 
  PCTFREE 10 PCTUSED 40 INITRANS 1 MAXTRANS 255 
 NOCOMPRESS LOGGING 
  STORAGE(INITIAL 8388608 NEXT 1048576 MINEXTENTS 1 MAXEXTENTS 2147483645
  PCTINCREASE 0 FREELISTS 1 FREELIST GROUPS 1
  BUFFER_POOL DEFAULT FLASH_CACHE DEFAULT CELL_FLASH_CACHE DEFAULT)
  TABLESPACE "USERS" , 
 PARTITION "P5"  VALUES LESS THAN (50000) SEGMENT CREATION IMMEDIATE 
  PCTFREE 10 PCTUSED 40 INITRANS 1 MAXTRANS 255 
 NOCOMPRESS LOGGING 
  STORAGE(INITIAL 8388608 NEXT 1048576 MINEXTENTS 1 MAXEXTENTS 2147483645
  PCTINCREASE 0 FREELISTS 1 FREELIST GROUPS 1
  BUFFER_POOL DEFAULT FLASH_CACHE DEFAULT CELL_FLASH_CACHE DEFAULT)
  TABLESPACE "USERS" )  ENABLE ROW MOVEMENT ;
--------------------------------------------------------
--  DDL for Table EMPDEP
--------------------------------------------------------

  CREATE TABLE "MESI"."EMPDEP" 
   (	"EMP_ID" NUMBER(10,0), 
	"EMP_NAME" VARCHAR2(50 BYTE), 
	"ADDRESS" VARCHAR2(50 BYTE), 
	"PHONE_NO" VARCHAR2(20 BYTE), 
	"SALARY" VARCHAR2(20 BYTE), 
	"DEPT_ID" NUMBER(10,0), 
	"JOB_ID" NUMBER(10,0)
   ) SEGMENT CREATION IMMEDIATE 
  PCTFREE 10 PCTUSED 40 INITRANS 1 MAXTRANS 255 
 NOCOMPRESS LOGGING
  STORAGE(INITIAL 65536 NEXT 1048576 MINEXTENTS 1 MAXEXTENTS 2147483645
  PCTINCREASE 0 FREELISTS 1 FREELIST GROUPS 1
  BUFFER_POOL DEFAULT FLASH_CACHE DEFAULT CELL_FLASH_CACHE DEFAULT)
  TABLESPACE "USERS" ;
--------------------------------------------------------
--  DDL for Table EMPDEP1
--------------------------------------------------------

  CREATE TABLE "MESI"."EMPDEP1" 
   (	"EMP_ID" NUMBER(10,0), 
	"EMP_NAME" VARCHAR2(50 BYTE), 
	"ADDRESS" VARCHAR2(50 BYTE), 
	"PHONE_NO" VARCHAR2(20 BYTE), 
	"SALARY" VARCHAR2(20 BYTE), 
	"DEPT_ID" NUMBER(10,0), 
	"JOB_ID" NUMBER(10,0)
   ) SEGMENT CREATION IMMEDIATE 
  PCTFREE 10 PCTUSED 40 INITRANS 1 MAXTRANS 255 
 NOCOMPRESS LOGGING
  STORAGE(INITIAL 65536 NEXT 1048576 MINEXTENTS 1 MAXEXTENTS 2147483645
  PCTINCREASE 0 FREELISTS 1 FREELIST GROUPS 1
  BUFFER_POOL DEFAULT FLASH_CACHE DEFAULT CELL_FLASH_CACHE DEFAULT)
  TABLESPACE "USERS" ;
--------------------------------------------------------
--  DDL for Table EMPLOYEE
--------------------------------------------------------

  CREATE TABLE "MESI"."EMPLOYEE" 
   (	"EMP_ID" NUMBER(10,0), 
	"EMP_NAME" VARCHAR2(50 BYTE), 
	"ADDRESS" VARCHAR2(50 BYTE), 
	"PHONE_NO" VARCHAR2(20 BYTE), 
	"SALARY" VARCHAR2(20 BYTE), 
	"DEPT_ID" NUMBER(10,0), 
	"JOB_ID" NUMBER(10,0)
   ) SEGMENT CREATION IMMEDIATE 
  PCTFREE 10 PCTUSED 40 INITRANS 1 MAXTRANS 255 
 NOCOMPRESS LOGGING
  STORAGE(INITIAL 65536 NEXT 1048576 MINEXTENTS 1 MAXEXTENTS 2147483645
  PCTINCREASE 0 FREELISTS 1 FREELIST GROUPS 1
  BUFFER_POOL DEFAULT FLASH_CACHE DEFAULT CELL_FLASH_CACHE DEFAULT)
  TABLESPACE "USERS" ;
--------------------------------------------------------
--  DDL for Table HORIZONTAL
--------------------------------------------------------

  CREATE TABLE "MESI"."HORIZONTAL" 
   (	"SALARY" VARCHAR2(20 BYTE), 
	"EMP_NAME" VARCHAR2(50 BYTE), 
	"DEPT_ID" NUMBER(10,0)
   ) SEGMENT CREATION IMMEDIATE 
  PCTFREE 10 PCTUSED 40 INITRANS 1 MAXTRANS 255 
 NOCOMPRESS LOGGING
  STORAGE(INITIAL 65536 NEXT 1048576 MINEXTENTS 1 MAXEXTENTS 2147483645
  PCTINCREASE 0 FREELISTS 1 FREELIST GROUPS 1
  BUFFER_POOL DEFAULT FLASH_CACHE DEFAULT CELL_FLASH_CACHE DEFAULT)
  TABLESPACE "USERS" ;
--------------------------------------------------------
--  DDL for Table JOBS
--------------------------------------------------------

  CREATE TABLE "MESI"."JOBS" 
   (	"JOB_ID" NUMBER(10,0), 
	"JOB_TITLE" VARCHAR2(50 BYTE), 
	"MIN_SALARY" NUMBER(10,0), 
	"MAX_SALARY" NUMBER(10,0)
   ) SEGMENT CREATION IMMEDIATE 
  PCTFREE 10 PCTUSED 40 INITRANS 1 MAXTRANS 255 
 NOCOMPRESS LOGGING
  STORAGE(INITIAL 65536 NEXT 1048576 MINEXTENTS 1 MAXEXTENTS 2147483645
  PCTINCREASE 0 FREELISTS 1 FREELIST GROUPS 1
  BUFFER_POOL DEFAULT FLASH_CACHE DEFAULT CELL_FLASH_CACHE DEFAULT)
  TABLESPACE "USERS" ;
--------------------------------------------------------
--  DDL for Table PERFORMANCE
--------------------------------------------------------

  CREATE TABLE "MESI"."PERFORMANCE" 
   (	"PERFROMANCE_ID" NUMBER(10,0), 
	"PERFORMANCE_REVIEW" VARCHAR2(50 BYTE), 
	"GOALS" VARCHAR2(50 BYTE), 
	"OBJECTIVES" VARCHAR2(50 BYTE), 
	"EMP_ID" NUMBER(10,0)
   ) SEGMENT CREATION DEFERRED 
  PCTFREE 10 PCTUSED 40 INITRANS 1 MAXTRANS 255 
 NOCOMPRESS LOGGING
  TABLESPACE "USERS" ;
--------------------------------------------------------
--  DDL for Table PROJECTS
--------------------------------------------------------

  CREATE TABLE "MESI"."PROJECTS" 
   (	"PROJECT_ID" NUMBER(10,0), 
	"PROJECT_HISTORY" VARCHAR2(50 BYTE), 
	"PROJECT_ROLES" VARCHAR2(50 BYTE), 
	"PROJECT_RESPONSIBILITIES" VARCHAR2(50 BYTE), 
	"EMP_ID" NUMBER(10,0)
   ) SEGMENT CREATION DEFERRED 
  PCTFREE 10 PCTUSED 40 INITRANS 1 MAXTRANS 255 
 NOCOMPRESS LOGGING
  TABLESPACE "USERS" ;
--------------------------------------------------------
--  DDL for Table SALARY
--------------------------------------------------------

  CREATE TABLE "MESI"."SALARY" 
   (	"SALARY_ID" NUMBER(10,0), 
	"BASE_SALARY" NUMBER(10,0), 
	"BONUS" NUMBER(10,0), 
	"BENEFIT_ID" NUMBER(10,0), 
	"EMP_ID" NUMBER(10,0), 
	"JOB_ID" NUMBER(10,0)
   ) SEGMENT CREATION DEFERRED 
  PCTFREE 10 PCTUSED 40 INITRANS 1 MAXTRANS 255 
 NOCOMPRESS LOGGING
  TABLESPACE "USERS" ;
--------------------------------------------------------
--  DDL for Table SALARY1
--------------------------------------------------------

  CREATE TABLE "MESI"."SALARY1" 
   (	"SALARY" VARCHAR2(20 BYTE), 
	"DEPT_ID" NUMBER(10,0)
   ) SEGMENT CREATION IMMEDIATE 
  PCTFREE 10 PCTUSED 40 INITRANS 1 MAXTRANS 255 
 NOCOMPRESS LOGGING
  STORAGE(INITIAL 65536 NEXT 1048576 MINEXTENTS 1 MAXEXTENTS 2147483645
  PCTINCREASE 0 FREELISTS 1 FREELIST GROUPS 1
  BUFFER_POOL DEFAULT FLASH_CACHE DEFAULT CELL_FLASH_CACHE DEFAULT)
  TABLESPACE "USERS" ;
--------------------------------------------------------
--  DDL for Table SALARY2
--------------------------------------------------------

  CREATE TABLE "MESI"."SALARY2" 
   (	"SALARY" VARCHAR2(20 BYTE), 
	"EMP_NAME" VARCHAR2(50 BYTE), 
	"DEPT_ID" NUMBER(10,0)
   ) SEGMENT CREATION IMMEDIATE 
  PCTFREE 10 PCTUSED 40 INITRANS 1 MAXTRANS 255 
 NOCOMPRESS LOGGING
  STORAGE(INITIAL 65536 NEXT 1048576 MINEXTENTS 1 MAXEXTENTS 2147483645
  PCTINCREASE 0 FREELISTS 1 FREELIST GROUPS 1
  BUFFER_POOL DEFAULT FLASH_CACHE DEFAULT CELL_FLASH_CACHE DEFAULT)
  TABLESPACE "USERS" ;
--------------------------------------------------------
--  DDL for Table TRAINING
--------------------------------------------------------

  CREATE TABLE "MESI"."TRAINING" 
   (	"TRAINING_ID" NUMBER, 
	"TRAINING_HISTORY" VARCHAR2(50 BYTE), 
	"TRAINING_COURSE" VARCHAR2(50 BYTE), 
	"CERTIFICATION" VARCHAR2(50 BYTE), 
	"EMP_ID" NUMBER(10,0)
   ) SEGMENT CREATION DEFERRED 
  PCTFREE 10 PCTUSED 40 INITRANS 1 MAXTRANS 255 
 NOCOMPRESS LOGGING
  TABLESPACE "USERS" ;
--------------------------------------------------------
--  DDL for Table VERTICAL
--------------------------------------------------------

  CREATE TABLE "MESI"."VERTICAL" 
   (	"SALARY" VARCHAR2(20 BYTE), 
	"DEPT_ID" NUMBER(10,0)
   ) SEGMENT CREATION IMMEDIATE 
  PCTFREE 10 PCTUSED 40 INITRANS 1 MAXTRANS 255 
 NOCOMPRESS LOGGING
  STORAGE(INITIAL 65536 NEXT 1048576 MINEXTENTS 1 MAXEXTENTS 2147483645
  PCTINCREASE 0 FREELISTS 1 FREELIST GROUPS 1
  BUFFER_POOL DEFAULT FLASH_CACHE DEFAULT CELL_FLASH_CACHE DEFAULT)
  TABLESPACE "USERS" ;
--------------------------------------------------------
--  DDL for Table EMPLOYEE
--------------------------------------------------------

  CREATE TABLE "MESI"."EMPLOYEE" 
   (	"EMP_ID" NUMBER(10,0), 
	"EMP_NAME" VARCHAR2(50 BYTE), 
	"ADDRESS" VARCHAR2(50 BYTE), 
	"PHONE_NO" VARCHAR2(20 BYTE), 
	"SALARY" VARCHAR2(20 BYTE), 
	"DEPT_ID" NUMBER(10,0), 
	"JOB_ID" NUMBER(10,0)
   ) SEGMENT CREATION IMMEDIATE 
  PCTFREE 10 PCTUSED 40 INITRANS 1 MAXTRANS 255 
 NOCOMPRESS LOGGING
  STORAGE(INITIAL 65536 NEXT 1048576 MINEXTENTS 1 MAXEXTENTS 2147483645
  PCTINCREASE 0 FREELISTS 1 FREELIST GROUPS 1
  BUFFER_POOL DEFAULT FLASH_CACHE DEFAULT CELL_FLASH_CACHE DEFAULT)
  TABLESPACE "USERS" ;
--------------------------------------------------------
--  DDL for Table DEPARTMENT
--------------------------------------------------------

  CREATE TABLE "MESI"."DEPARTMENT" 
   (	"DEPT_ID" NUMBER(20,0), 
	"DEPT_NAME" VARCHAR2(50 BYTE), 
	"MANAGER_ID" NUMBER(20,0), 
	"LOCATION_ID" NUMBER(20,0)
   ) SEGMENT CREATION IMMEDIATE 
  PCTFREE 10 PCTUSED 40 INITRANS 1 MAXTRANS 255 
 NOCOMPRESS LOGGING
  STORAGE(INITIAL 65536 NEXT 1048576 MINEXTENTS 1 MAXEXTENTS 2147483645
  PCTINCREASE 0 FREELISTS 1 FREELIST GROUPS 1
  BUFFER_POOL DEFAULT FLASH_CACHE DEFAULT CELL_FLASH_CACHE DEFAULT)
  TABLESPACE "USERS" ;
--------------------------------------------------------
--  DDL for Table JOBS
--------------------------------------------------------

  CREATE TABLE "MESI"."JOBS" 
   (	"JOB_ID" NUMBER(10,0), 
	"JOB_TITLE" VARCHAR2(50 BYTE), 
	"MIN_SALARY" NUMBER(10,0), 
	"MAX_SALARY" NUMBER(10,0)
   ) SEGMENT CREATION IMMEDIATE 
  PCTFREE 10 PCTUSED 40 INITRANS 1 MAXTRANS 255 
 NOCOMPRESS LOGGING
  STORAGE(INITIAL 65536 NEXT 1048576 MINEXTENTS 1 MAXEXTENTS 2147483645
  PCTINCREASE 0 FREELISTS 1 FREELIST GROUPS 1
  BUFFER_POOL DEFAULT FLASH_CACHE DEFAULT CELL_FLASH_CACHE DEFAULT)
  TABLESPACE "USERS" ;
--------------------------------------------------------
--  DDL for Table AWARDS
--------------------------------------------------------

  CREATE TABLE "MESI"."AWARDS" 
   (	"AWARD_ID" NUMBER(10,0), 
	"HONORS" VARCHAR2(50 BYTE), 
	"RECOGNITIONS" VARCHAR2(50 BYTE), 
	"EMP_ID" NUMBER(10,0)
   ) SEGMENT CREATION DEFERRED 
  PCTFREE 10 PCTUSED 40 INITRANS 1 MAXTRANS 255 
 NOCOMPRESS LOGGING
  TABLESPACE "USERS" ;
--------------------------------------------------------
--  DDL for Table BENEFIT
--------------------------------------------------------

  CREATE TABLE "MESI"."BENEFIT" 
   (	"BENEFIT_ID" NUMBER(10,0), 
	"BENEFIT_TYPE" VARCHAR2(50 BYTE), 
	"EMP_ID" NUMBER(10,0)
   ) SEGMENT CREATION DEFERRED 
  PCTFREE 10 PCTUSED 40 INITRANS 1 MAXTRANS 255 
 NOCOMPRESS LOGGING
  TABLESPACE "USERS" ;
--------------------------------------------------------
--  DDL for Table PERFORMANCE
--------------------------------------------------------

  CREATE TABLE "MESI"."PERFORMANCE" 
   (	"PERFROMANCE_ID" NUMBER(10,0), 
	"PERFORMANCE_REVIEW" VARCHAR2(50 BYTE), 
	"GOALS" VARCHAR2(50 BYTE), 
	"OBJECTIVES" VARCHAR2(50 BYTE), 
	"EMP_ID" NUMBER(10,0)
   ) SEGMENT CREATION DEFERRED 
  PCTFREE 10 PCTUSED 40 INITRANS 1 MAXTRANS 255 
 NOCOMPRESS LOGGING
  TABLESPACE "USERS" ;
--------------------------------------------------------
--  DDL for Table PROJECTS
--------------------------------------------------------

  CREATE TABLE "MESI"."PROJECTS" 
   (	"PROJECT_ID" NUMBER(10,0), 
	"PROJECT_HISTORY" VARCHAR2(50 BYTE), 
	"PROJECT_ROLES" VARCHAR2(50 BYTE), 
	"PROJECT_RESPONSIBILITIES" VARCHAR2(50 BYTE), 
	"EMP_ID" NUMBER(10,0)
   ) SEGMENT CREATION DEFERRED 
  PCTFREE 10 PCTUSED 40 INITRANS 1 MAXTRANS 255 
 NOCOMPRESS LOGGING
  TABLESPACE "USERS" ;
--------------------------------------------------------
--  DDL for Table SALARY
--------------------------------------------------------

  CREATE TABLE "MESI"."SALARY" 
   (	"SALARY_ID" NUMBER(10,0), 
	"BASE_SALARY" NUMBER(10,0), 
	"BONUS" NUMBER(10,0), 
	"BENEFIT_ID" NUMBER(10,0), 
	"EMP_ID" NUMBER(10,0), 
	"JOB_ID" NUMBER(10,0)
   ) SEGMENT CREATION DEFERRED 
  PCTFREE 10 PCTUSED 40 INITRANS 1 MAXTRANS 255 
 NOCOMPRESS LOGGING
  TABLESPACE "USERS" ;
--------------------------------------------------------
--  DDL for Table TRAINING
--------------------------------------------------------

  CREATE TABLE "MESI"."TRAINING" 
   (	"TRAINING_ID" NUMBER, 
	"TRAINING_HISTORY" VARCHAR2(50 BYTE), 
	"TRAINING_COURSE" VARCHAR2(50 BYTE), 
	"CERTIFICATION" VARCHAR2(50 BYTE), 
	"EMP_ID" NUMBER(10,0)
   ) SEGMENT CREATION DEFERRED 
  PCTFREE 10 PCTUSED 40 INITRANS 1 MAXTRANS 255 
 NOCOMPRESS LOGGING
  TABLESPACE "USERS" ;
REM INSERTING into MESI.AWARDS
SET DEFINE OFF;
REM INSERTING into MESI.BENEFIT
SET DEFINE OFF;
REM INSERTING into MESI.DEPARTMENT
SET DEFINE OFF;
Insert into MESI.DEPARTMENT (DEPT_ID,DEPT_NAME,MANAGER_ID,LOCATION_ID) values (99,'MARKETING',null,null);
Insert into MESI.DEPARTMENT (DEPT_ID,DEPT_NAME,MANAGER_ID,LOCATION_ID) values (70,'IT',null,null);
Insert into MESI.DEPARTMENT (DEPT_ID,DEPT_NAME,MANAGER_ID,LOCATION_ID) values (55,'FINANCE',null,null);
Insert into MESI.DEPARTMENT (DEPT_ID,DEPT_NAME,MANAGER_ID,LOCATION_ID) values (45,'Purchase',1,2);
Insert into MESI.DEPARTMENT (DEPT_ID,DEPT_NAME,MANAGER_ID,LOCATION_ID) values (25,'General Office',2,2);
REM INSERTING into MESI.DEPT
SET DEFINE OFF;
Insert into MESI.DEPT (EMP_ID,EMP_NAME,ADDRESS,PHONE_NO,SALARY,DEPT_ID,JOB_ID) values (3,'Markos Bekele','Merkato','251942565897','35000',70,131);
Insert into MESI.DEPT (EMP_ID,EMP_NAME,ADDRESS,PHONE_NO,SALARY,DEPT_ID,JOB_ID) values (10,'Meseret Bekele','Sarbet','251910828537','12500.54',70,121);
Insert into MESI.DEPT (EMP_ID,EMP_NAME,ADDRESS,PHONE_NO,SALARY,DEPT_ID,JOB_ID) values (15,'Jon Doe','Mexico','251900424242','5000',99,111);
Insert into MESI.DEPT (EMP_ID,EMP_NAME,ADDRESS,PHONE_NO,SALARY,DEPT_ID,JOB_ID) values (45,'Shelly Portman','Lebu','251911222222','12500.54',70,131);
REM INSERTING into MESI.EMP_LIST
SET DEFINE OFF;
Insert into MESI.EMP_LIST (EMP_ID,EMP_NAME,ADDRESS,PHONE_NO,SALARY,DEPT_ID,JOB_ID) values (15,'Jon Doe','Mexico','251900424242','5000',99,111);
Insert into MESI.EMP_LIST (EMP_ID,EMP_NAME,ADDRESS,PHONE_NO,SALARY,DEPT_ID,JOB_ID) values (10,'Meseret Bekele','Sarbet','251910828537','12500.54',70,121);
Insert into MESI.EMP_LIST (EMP_ID,EMP_NAME,ADDRESS,PHONE_NO,SALARY,DEPT_ID,JOB_ID) values (45,'Shelly Portman','Lebu','251911222222','12500.54',70,131);
Insert into MESI.EMP_LIST (EMP_ID,EMP_NAME,ADDRESS,PHONE_NO,SALARY,DEPT_ID,JOB_ID) values (3,'Markos Bekele','Merkato','251942565897','35000',70,131);
Insert into MESI.EMP_LIST (EMP_ID,EMP_NAME,ADDRESS,PHONE_NO,SALARY,DEPT_ID,JOB_ID) values (65,'Jay Snow','Merkato','251900555555','25012.81',55,101);
Insert into MESI.EMP_LIST (EMP_ID,EMP_NAME,ADDRESS,PHONE_NO,SALARY,DEPT_ID,JOB_ID) values (2,'Selam Daniel','Sarbet','251911333344','4000',45,111);
Insert into MESI.EMP_LIST (EMP_ID,EMP_NAME,ADDRESS,PHONE_NO,SALARY,DEPT_ID,JOB_ID) values (1,'Helen Belay','Jemo','251900202020','45000.75',25,101);
REM INSERTING into MESI.EMP_RAN
SET DEFINE OFF;
Insert into MESI.EMP_RAN (EMP_ID,EMP_NAME,ADDRESS,PHONE_NO,SALARY,DEPT_ID,JOB_ID) values (2,'Selam Daniel','Sarbet','251911333344',4000,45,111);
Insert into MESI.EMP_RAN (EMP_ID,EMP_NAME,ADDRESS,PHONE_NO,SALARY,DEPT_ID,JOB_ID) values (15,'Jon Doe','Mexico','251900424242',5000,99,111);
Insert into MESI.EMP_RAN (EMP_ID,EMP_NAME,ADDRESS,PHONE_NO,SALARY,DEPT_ID,JOB_ID) values (10,'Meseret Bekele','Sarbet','251910828537',12500.54,70,121);
Insert into MESI.EMP_RAN (EMP_ID,EMP_NAME,ADDRESS,PHONE_NO,SALARY,DEPT_ID,JOB_ID) values (45,'Shelly Portman','Lebu','251911222222',12500.54,70,131);
Insert into MESI.EMP_RAN (EMP_ID,EMP_NAME,ADDRESS,PHONE_NO,SALARY,DEPT_ID,JOB_ID) values (65,'Jay Snow','Merkato','251900555555',25012.81,55,101);
Insert into MESI.EMP_RAN (EMP_ID,EMP_NAME,ADDRESS,PHONE_NO,SALARY,DEPT_ID,JOB_ID) values (1,'Helen Belay','Jemo','251900202020',45000.75,25,101);
Insert into MESI.EMP_RAN (EMP_ID,EMP_NAME,ADDRESS,PHONE_NO,SALARY,DEPT_ID,JOB_ID) values (3,'Markos Bekele','Merkato','251942565897',35000,70,131);
REM INSERTING into MESI.EMPDEP
SET DEFINE OFF;
Insert into MESI.EMPDEP (EMP_ID,EMP_NAME,ADDRESS,PHONE_NO,SALARY,DEPT_ID,JOB_ID) values (10,'Meseret Bekele','Sarbet','251910828537','12500.54',70,121);
Insert into MESI.EMPDEP (EMP_ID,EMP_NAME,ADDRESS,PHONE_NO,SALARY,DEPT_ID,JOB_ID) values (45,'Shelly Portman','Lebu','251911222222','12500.54',70,131);
Insert into MESI.EMPDEP (EMP_ID,EMP_NAME,ADDRESS,PHONE_NO,SALARY,DEPT_ID,JOB_ID) values (3,'Markos Bekele','Merkato','251942565897','35000',70,131);
REM INSERTING into MESI.EMPDEP1
SET DEFINE OFF;
Insert into MESI.EMPDEP1 (EMP_ID,EMP_NAME,ADDRESS,PHONE_NO,SALARY,DEPT_ID,JOB_ID) values (15,'Jon Doe','Mexico','251900424242','5000',99,111);
REM INSERTING into MESI.EMPLOYEE
SET DEFINE OFF;
Insert into MESI.EMPLOYEE (EMP_ID,EMP_NAME,ADDRESS,PHONE_NO,SALARY,DEPT_ID,JOB_ID) values (10,'Meseret Bekele','Sarbet','251910828537','12500.54',70,121);
Insert into MESI.EMPLOYEE (EMP_ID,EMP_NAME,ADDRESS,PHONE_NO,SALARY,DEPT_ID,JOB_ID) values (15,'Jon Doe','Mexico','251900424242','5000',99,111);
Insert into MESI.EMPLOYEE (EMP_ID,EMP_NAME,ADDRESS,PHONE_NO,SALARY,DEPT_ID,JOB_ID) values (45,'Shelly Portman','Lebu','251911222222','12500.54',70,131);
Insert into MESI.EMPLOYEE (EMP_ID,EMP_NAME,ADDRESS,PHONE_NO,SALARY,DEPT_ID,JOB_ID) values (65,'Jay Snow','Merkato','251900555555','25012.81',55,101);
Insert into MESI.EMPLOYEE (EMP_ID,EMP_NAME,ADDRESS,PHONE_NO,SALARY,DEPT_ID,JOB_ID) values (1,'Helen Belay','Jemo','251900202020','45000.75',25,101);
Insert into MESI.EMPLOYEE (EMP_ID,EMP_NAME,ADDRESS,PHONE_NO,SALARY,DEPT_ID,JOB_ID) values (2,'Selam Daniel','Sarbet','251911333344','4000',45,111);
Insert into MESI.EMPLOYEE (EMP_ID,EMP_NAME,ADDRESS,PHONE_NO,SALARY,DEPT_ID,JOB_ID) values (3,'Markos Bekele','Merkato','251942565897','35000',70,131);
REM INSERTING into MESI.HORIZONTAL
SET DEFINE OFF;
Insert into MESI.HORIZONTAL (SALARY,EMP_NAME,DEPT_ID) values ('25012.81','Jay Snow',55);
REM INSERTING into MESI.JOBS
SET DEFINE OFF;
Insert into MESI.JOBS (JOB_ID,JOB_TITLE,MIN_SALARY,MAX_SALARY) values (101,'Assisstant',2000,15000);
Insert into MESI.JOBS (JOB_ID,JOB_TITLE,MIN_SALARY,MAX_SALARY) values (111,'Manager',25000,55000);
Insert into MESI.JOBS (JOB_ID,JOB_TITLE,MIN_SALARY,MAX_SALARY) values (121,'Junior Officer',5000,35000);
Insert into MESI.JOBS (JOB_ID,JOB_TITLE,MIN_SALARY,MAX_SALARY) values (131,'Senior Officer',10000,50000);
REM INSERTING into MESI.PERFORMANCE
SET DEFINE OFF;
REM INSERTING into MESI.PROJECTS
SET DEFINE OFF;
REM INSERTING into MESI.SALARY
SET DEFINE OFF;
REM INSERTING into MESI.SALARY1
SET DEFINE OFF;
Insert into MESI.SALARY1 (SALARY,DEPT_ID) values ('12500.54',70);
Insert into MESI.SALARY1 (SALARY,DEPT_ID) values ('5000',99);
Insert into MESI.SALARY1 (SALARY,DEPT_ID) values ('12500.54',70);
Insert into MESI.SALARY1 (SALARY,DEPT_ID) values ('25012.81',55);
Insert into MESI.SALARY1 (SALARY,DEPT_ID) values ('45000.75',25);
Insert into MESI.SALARY1 (SALARY,DEPT_ID) values ('4000',45);
Insert into MESI.SALARY1 (SALARY,DEPT_ID) values ('35000',70);
REM INSERTING into MESI.SALARY2
SET DEFINE OFF;
Insert into MESI.SALARY2 (SALARY,EMP_NAME,DEPT_ID) values ('12500.54','Meseret Bekele',70);
Insert into MESI.SALARY2 (SALARY,EMP_NAME,DEPT_ID) values ('5000','Jon Doe',99);
Insert into MESI.SALARY2 (SALARY,EMP_NAME,DEPT_ID) values ('12500.54','Shelly Portman',70);
Insert into MESI.SALARY2 (SALARY,EMP_NAME,DEPT_ID) values ('25012.81','Jay Snow',55);
Insert into MESI.SALARY2 (SALARY,EMP_NAME,DEPT_ID) values ('45000.75','Helen Belay',25);
Insert into MESI.SALARY2 (SALARY,EMP_NAME,DEPT_ID) values ('4000','Selam Daniel',45);
Insert into MESI.SALARY2 (SALARY,EMP_NAME,DEPT_ID) values ('35000','Markos Bekele',70);
REM INSERTING into MESI.TRAINING
SET DEFINE OFF;
REM INSERTING into MESI.VERTICAL
SET DEFINE OFF;
Insert into MESI.VERTICAL (SALARY,DEPT_ID) values ('12500.54',70);
Insert into MESI.VERTICAL (SALARY,DEPT_ID) values ('5000',99);
Insert into MESI.VERTICAL (SALARY,DEPT_ID) values ('12500.54',70);
Insert into MESI.VERTICAL (SALARY,DEPT_ID) values ('25012.81',55);
Insert into MESI.VERTICAL (SALARY,DEPT_ID) values ('45000.75',25);
Insert into MESI.VERTICAL (SALARY,DEPT_ID) values ('4000',45);
Insert into MESI.VERTICAL (SALARY,DEPT_ID) values ('35000',70);
--------------------------------------------------------
--  DDL for Index AWARDS_PK
--------------------------------------------------------

  CREATE UNIQUE INDEX "MESI"."AWARDS_PK" ON "MESI"."AWARDS" ("AWARD_ID") 
  PCTFREE 10 INITRANS 2 MAXTRANS 255 COMPUTE STATISTICS 
  TABLESPACE "USERS" ;
--------------------------------------------------------
--  DDL for Index BENEFIT_PK
--------------------------------------------------------

  CREATE UNIQUE INDEX "MESI"."BENEFIT_PK" ON "MESI"."BENEFIT" ("BENEFIT_ID") 
  PCTFREE 10 INITRANS 2 MAXTRANS 255 COMPUTE STATISTICS 
  TABLESPACE "USERS" ;
--------------------------------------------------------
--  DDL for Index DEPARTMENT_PK
--------------------------------------------------------

  CREATE UNIQUE INDEX "MESI"."DEPARTMENT_PK" ON "MESI"."DEPARTMENT" ("DEPT_ID") 
  PCTFREE 10 INITRANS 2 MAXTRANS 255 COMPUTE STATISTICS 
  STORAGE(INITIAL 65536 NEXT 1048576 MINEXTENTS 1 MAXEXTENTS 2147483645
  PCTINCREASE 0 FREELISTS 1 FREELIST GROUPS 1
  BUFFER_POOL DEFAULT FLASH_CACHE DEFAULT CELL_FLASH_CACHE DEFAULT)
  TABLESPACE "USERS" ;
--------------------------------------------------------
--  DDL for Index EMPLOYEE_PK
--------------------------------------------------------

  CREATE UNIQUE INDEX "MESI"."EMPLOYEE_PK" ON "MESI"."EMPLOYEE" ("EMP_ID") 
  PCTFREE 10 INITRANS 2 MAXTRANS 255 COMPUTE STATISTICS 
  STORAGE(INITIAL 65536 NEXT 1048576 MINEXTENTS 1 MAXEXTENTS 2147483645
  PCTINCREASE 0 FREELISTS 1 FREELIST GROUPS 1
  BUFFER_POOL DEFAULT FLASH_CACHE DEFAULT CELL_FLASH_CACHE DEFAULT)
  TABLESPACE "USERS" ;
--------------------------------------------------------
--  DDL for Index TABLE1_PK
--------------------------------------------------------

  CREATE UNIQUE INDEX "MESI"."TABLE1_PK" ON "MESI"."JOBS" ("JOB_ID") 
  PCTFREE 10 INITRANS 2 MAXTRANS 255 COMPUTE STATISTICS 
  STORAGE(INITIAL 65536 NEXT 1048576 MINEXTENTS 1 MAXEXTENTS 2147483645
  PCTINCREASE 0 FREELISTS 1 FREELIST GROUPS 1
  BUFFER_POOL DEFAULT FLASH_CACHE DEFAULT CELL_FLASH_CACHE DEFAULT)
  TABLESPACE "USERS" ;
--------------------------------------------------------
--  DDL for Index PERFORMANCE_PK
--------------------------------------------------------

  CREATE UNIQUE INDEX "MESI"."PERFORMANCE_PK" ON "MESI"."PERFORMANCE" ("PERFROMANCE_ID") 
  PCTFREE 10 INITRANS 2 MAXTRANS 255 COMPUTE STATISTICS 
  TABLESPACE "USERS" ;
--------------------------------------------------------
--  DDL for Index PROJECTS_PK
--------------------------------------------------------

  CREATE UNIQUE INDEX "MESI"."PROJECTS_PK" ON "MESI"."PROJECTS" ("PROJECT_ID") 
  PCTFREE 10 INITRANS 2 MAXTRANS 255 COMPUTE STATISTICS 
  TABLESPACE "USERS" ;
--------------------------------------------------------
--  DDL for Index SALARY_PK
--------------------------------------------------------

  CREATE UNIQUE INDEX "MESI"."SALARY_PK" ON "MESI"."SALARY" ("SALARY_ID") 
  PCTFREE 10 INITRANS 2 MAXTRANS 255 COMPUTE STATISTICS 
  TABLESPACE "USERS" ;
--------------------------------------------------------
--  DDL for Index SALARY_UK1
--------------------------------------------------------

  CREATE UNIQUE INDEX "MESI"."SALARY_UK1" ON "MESI"."SALARY" ("JOB_ID", "EMP_ID") 
  PCTFREE 10 INITRANS 2 MAXTRANS 255 COMPUTE STATISTICS 
  TABLESPACE "USERS" ;
--------------------------------------------------------
--  DDL for Index TRAINING_PK
--------------------------------------------------------

  CREATE UNIQUE INDEX "MESI"."TRAINING_PK" ON "MESI"."TRAINING" ("TRAINING_ID") 
  PCTFREE 10 INITRANS 2 MAXTRANS 255 COMPUTE STATISTICS 
  TABLESPACE "USERS" ;
--------------------------------------------------------
--  Constraints for Table AWARDS
--------------------------------------------------------

  ALTER TABLE "MESI"."AWARDS" MODIFY ("AWARD_ID" NOT NULL ENABLE);
  ALTER TABLE "MESI"."AWARDS" ADD CONSTRAINT "AWARDS_PK" PRIMARY KEY ("AWARD_ID")
  USING INDEX PCTFREE 10 INITRANS 2 MAXTRANS 255 COMPUTE STATISTICS 
  TABLESPACE "USERS"  ENABLE;
--------------------------------------------------------
--  Constraints for Table BENEFIT
--------------------------------------------------------

  ALTER TABLE "MESI"."BENEFIT" MODIFY ("BENEFIT_ID" NOT NULL ENABLE);
  ALTER TABLE "MESI"."BENEFIT" ADD CONSTRAINT "BENEFIT_PK" PRIMARY KEY ("BENEFIT_ID")
  USING INDEX PCTFREE 10 INITRANS 2 MAXTRANS 255 COMPUTE STATISTICS 
  TABLESPACE "USERS"  ENABLE;
--------------------------------------------------------
--  Constraints for Table DEPARTMENT
--------------------------------------------------------

  ALTER TABLE "MESI"."DEPARTMENT" MODIFY ("DEPT_ID" NOT NULL ENABLE);
  ALTER TABLE "MESI"."DEPARTMENT" ADD CONSTRAINT "DEPARTMENT_PK" PRIMARY KEY ("DEPT_ID")
  USING INDEX PCTFREE 10 INITRANS 2 MAXTRANS 255 COMPUTE STATISTICS 
  STORAGE(INITIAL 65536 NEXT 1048576 MINEXTENTS 1 MAXEXTENTS 2147483645
  PCTINCREASE 0 FREELISTS 1 FREELIST GROUPS 1
  BUFFER_POOL DEFAULT FLASH_CACHE DEFAULT CELL_FLASH_CACHE DEFAULT)
  TABLESPACE "USERS"  ENABLE;
--------------------------------------------------------
--  Constraints for Table EMPDEP
--------------------------------------------------------

  ALTER TABLE "MESI"."EMPDEP" MODIFY ("EMP_ID" NOT NULL ENABLE);
  ALTER TABLE "MESI"."EMPDEP" MODIFY ("EMP_NAME" NOT NULL ENABLE);
--------------------------------------------------------
--  Constraints for Table EMPDEP1
--------------------------------------------------------

  ALTER TABLE "MESI"."EMPDEP1" MODIFY ("EMP_ID" NOT NULL ENABLE);
  ALTER TABLE "MESI"."EMPDEP1" MODIFY ("EMP_NAME" NOT NULL ENABLE);
--------------------------------------------------------
--  Constraints for Table EMPLOYEE
--------------------------------------------------------

  ALTER TABLE "MESI"."EMPLOYEE" MODIFY ("EMP_ID" NOT NULL ENABLE);
  ALTER TABLE "MESI"."EMPLOYEE" MODIFY ("EMP_NAME" NOT NULL ENABLE);
  ALTER TABLE "MESI"."EMPLOYEE" ADD CONSTRAINT "EMPLOYEE_PK" PRIMARY KEY ("EMP_ID")
  USING INDEX PCTFREE 10 INITRANS 2 MAXTRANS 255 COMPUTE STATISTICS 
  STORAGE(INITIAL 65536 NEXT 1048576 MINEXTENTS 1 MAXEXTENTS 2147483645
  PCTINCREASE 0 FREELISTS 1 FREELIST GROUPS 1
  BUFFER_POOL DEFAULT FLASH_CACHE DEFAULT CELL_FLASH_CACHE DEFAULT)
  TABLESPACE "USERS"  ENABLE;
  ALTER TABLE "MESI"."EMPLOYEE" ADD CONSTRAINT "EMPLOYEE_CHK1" CHECK (SALARY>0) ENABLE;
--------------------------------------------------------
--  Constraints for Table HORIZONTAL
--------------------------------------------------------

  ALTER TABLE "MESI"."HORIZONTAL" MODIFY ("EMP_NAME" NOT NULL ENABLE);
--------------------------------------------------------
--  Constraints for Table JOBS
--------------------------------------------------------

  ALTER TABLE "MESI"."JOBS" MODIFY ("JOB_ID" NOT NULL ENABLE);
  ALTER TABLE "MESI"."JOBS" ADD CONSTRAINT "TABLE1_PK" PRIMARY KEY ("JOB_ID")
  USING INDEX PCTFREE 10 INITRANS 2 MAXTRANS 255 COMPUTE STATISTICS 
  STORAGE(INITIAL 65536 NEXT 1048576 MINEXTENTS 1 MAXEXTENTS 2147483645
  PCTINCREASE 0 FREELISTS 1 FREELIST GROUPS 1
  BUFFER_POOL DEFAULT FLASH_CACHE DEFAULT CELL_FLASH_CACHE DEFAULT)
  TABLESPACE "USERS"  ENABLE;
--------------------------------------------------------
--  Constraints for Table PERFORMANCE
--------------------------------------------------------

  ALTER TABLE "MESI"."PERFORMANCE" MODIFY ("PERFROMANCE_ID" NOT NULL ENABLE);
  ALTER TABLE "MESI"."PERFORMANCE" ADD CONSTRAINT "PERFORMANCE_PK" PRIMARY KEY ("PERFROMANCE_ID")
  USING INDEX PCTFREE 10 INITRANS 2 MAXTRANS 255 COMPUTE STATISTICS 
  TABLESPACE "USERS"  ENABLE;
--------------------------------------------------------
--  Constraints for Table PROJECTS
--------------------------------------------------------

  ALTER TABLE "MESI"."PROJECTS" MODIFY ("PROJECT_ID" NOT NULL ENABLE);
  ALTER TABLE "MESI"."PROJECTS" ADD CONSTRAINT "PROJECTS_PK" PRIMARY KEY ("PROJECT_ID")
  USING INDEX PCTFREE 10 INITRANS 2 MAXTRANS 255 COMPUTE STATISTICS 
  TABLESPACE "USERS"  ENABLE;
--------------------------------------------------------
--  Constraints for Table SALARY
--------------------------------------------------------

  ALTER TABLE "MESI"."SALARY" ADD CONSTRAINT "SALARY_UK1" UNIQUE ("JOB_ID", "EMP_ID")
  USING INDEX PCTFREE 10 INITRANS 2 MAXTRANS 255 COMPUTE STATISTICS 
  TABLESPACE "USERS"  ENABLE;
  ALTER TABLE "MESI"."SALARY" MODIFY ("SALARY_ID" NOT NULL ENABLE);
  ALTER TABLE "MESI"."SALARY" MODIFY ("BASE_SALARY" NOT NULL ENABLE);
  ALTER TABLE "MESI"."SALARY" ADD CONSTRAINT "SALARY_PK" PRIMARY KEY ("SALARY_ID")
  USING INDEX PCTFREE 10 INITRANS 2 MAXTRANS 255 COMPUTE STATISTICS 
  TABLESPACE "USERS"  ENABLE;
--------------------------------------------------------
--  Constraints for Table SALARY2
--------------------------------------------------------

  ALTER TABLE "MESI"."SALARY2" MODIFY ("EMP_NAME" NOT NULL ENABLE);
--------------------------------------------------------
--  Constraints for Table TRAINING
--------------------------------------------------------

  ALTER TABLE "MESI"."TRAINING" MODIFY ("TRAINING_ID" NOT NULL ENABLE);
  ALTER TABLE "MESI"."TRAINING" ADD CONSTRAINT "TRAINING_PK" PRIMARY KEY ("TRAINING_ID")
  USING INDEX PCTFREE 10 INITRANS 2 MAXTRANS 255 COMPUTE STATISTICS 
  TABLESPACE "USERS"  ENABLE;
--------------------------------------------------------
--  Ref Constraints for Table AWARDS
--------------------------------------------------------

  ALTER TABLE "MESI"."AWARDS" ADD CONSTRAINT "AWARDS_FK1" FOREIGN KEY ("EMP_ID")
	  REFERENCES "MESI"."EMPLOYEE" ("EMP_ID") ENABLE;
--------------------------------------------------------
--  Ref Constraints for Table BENEFIT
--------------------------------------------------------

  ALTER TABLE "MESI"."BENEFIT" ADD CONSTRAINT "BENEFIT_FK1" FOREIGN KEY ("EMP_ID")
	  REFERENCES "MESI"."EMPLOYEE" ("EMP_ID") ENABLE;
--------------------------------------------------------
--  Ref Constraints for Table EMPLOYEE
--------------------------------------------------------

  ALTER TABLE "MESI"."EMPLOYEE" ADD CONSTRAINT "EMPLOYEE_FK1" FOREIGN KEY ("DEPT_ID")
	  REFERENCES "MESI"."DEPARTMENT" ("DEPT_ID") ENABLE;
  ALTER TABLE "MESI"."EMPLOYEE" ADD CONSTRAINT "EMPLOYEE_FK2" FOREIGN KEY ("JOB_ID")
	  REFERENCES "MESI"."JOBS" ("JOB_ID") ENABLE;
--------------------------------------------------------
--  Ref Constraints for Table PERFORMANCE
--------------------------------------------------------

  ALTER TABLE "MESI"."PERFORMANCE" ADD CONSTRAINT "PERFORMANCE_FK1" FOREIGN KEY ("EMP_ID")
	  REFERENCES "MESI"."EMPLOYEE" ("EMP_ID") ENABLE;
--------------------------------------------------------
--  Ref Constraints for Table PROJECTS
--------------------------------------------------------

  ALTER TABLE "MESI"."PROJECTS" ADD CONSTRAINT "PROJECTS_FK1" FOREIGN KEY ("EMP_ID")
	  REFERENCES "MESI"."EMPLOYEE" ("EMP_ID") ENABLE;
--------------------------------------------------------
--  Ref Constraints for Table SALARY
--------------------------------------------------------

  ALTER TABLE "MESI"."SALARY" ADD CONSTRAINT "SALARY_FK1" FOREIGN KEY ("EMP_ID")
	  REFERENCES "MESI"."EMPLOYEE" ("EMP_ID") ENABLE;
--------------------------------------------------------
--  Ref Constraints for Table TRAINING
--------------------------------------------------------

  ALTER TABLE "MESI"."TRAINING" ADD CONSTRAINT "TRAINING_FK1" FOREIGN KEY ("EMP_ID")
	  REFERENCES "MESI"."EMPLOYEE" ("EMP_ID") ENABLE;
